,title,company,location,time,link
0,Workday Developer,Apex Systems Inc,"Toronto, ON",2 days ago,https://job-openings.monster.ca/workday-developer-toronto-on-ca-apex-systems-inc/217862963
1,Java Murex MxML Developer,Luxoft USA Inc,"East York, ON",21 days ago,https://job-openings.monster.ca/java-murex-mxml-developer-east-york-on-ca-luxoft-usa-inc/217574870
2,Senior Fullstack Developer,JDRF Electromag,"Mississauga, ON",Posted today,https://job-openings.monster.ca/senior-fullstack-developer-mississauga-on-ca-jdrf-electromag/217690818
3,Java Lead,Synechron,"Toronto, ON",13 days ago,https://job-openings.monster.ca/java-lead-toronto-on-ca-synechron/214374783
4,.Net Developer,Alliance Search partners,"TORONTO, ON",26 days ago,https://job-openings.monster.ca/net-developer-toronto-on-ca-alliance-search-partners/211827780
5,WEB DEVELOPER,Toocoo Media Inc.,"TORONTO, ON",26 days ago,https://job-openings.monster.ca/web-developer-toronto-on-ca-toocoo-media-inc/217477858
6,Web Developer - Corporate E-Commerce Website,Bartech Canada,"North York, ON",7 days ago,https://job-openings.monster.ca/web-developer-corporate-e-commerce-website-north-york-on-ca-bartech-canada/217793347
7,Pega Application Designer,Universal Support Systems (Rosscam),"Toronto, ON",15 days ago,https://job-openings.monster.ca/pega-application-designer-toronto-on-ca-universal-support-systems-rosscam/217668290
8,Sr. C# Developer,Virtusa,"Toronto, ON",21 days ago,https://job-openings.monster.ca/sr-c-developer-toronto-on-ca-virtusa/207495690
9,Oracle HCM and Component Developer,Company Confidential,"North York, ON",19 days ago,https://job-openings.monster.ca/oracle-hcm-component-developer-north-york-on-ca/212943483
10,Accounting Technician (NOC 1311),3394603 Canada Inc. o/a Harman Transport,"Caledon, ON",26 days ago,https://job-openings.monster.ca/accounting-technician-noc-1311-caledon-on-ca-3394603-canada-inc-o-a-harman-transport/217476303
11,Machinist Programmer EDM Level 3 (Advanced),Magna International Inc.,"Concord, ON",6 days ago,https://job-openings.monster.ca/machinist-programmer-edm-level-3-advanced-concord-on-ca-magna-international-inc/217603822
12,Java ATG Developer,Kutir Technologies,"Mississauga, ON",6 days ago,https://job-openings.monster.ca/java-atg-developer-mississauga-on-ca-kutir-technologies/213503909
13,Software Developer,Crystal Claire Cosmetics Inc.,"Scarborough, ON",30 days ago,https://job-openings.monster.ca/software-developer-scarborough-on-ca-crystal-claire-cosmetics-inc/217393082
14,Software Developer / Programmer (Exciting opportunity: Intelligent people and great variety),Pleasant Solutions,"Toronto, ON",5 days ago,https://job-openings.monster.ca/software-developer-programmer-exciting-opportunity-intelligent-people-great-variety-toronto-on-ca-pleasant-solutions/217621195
15,React Developer,ISG Search Inc,"Toronto, ON",7 days ago,https://job-openings.monster.ca/react-developer-toronto-on-ca-isg-search-inc/217801458
16,Senior Software Engineer – Back End,MaxSys,"Toronto, ON",8 days ago,https://job-openings.monster.ca/senior-software-engineer-–-back-end-toronto-on-ca-maxsys/217768180
17,JAVA Software developers - Freshers/Entry level Project Program,SAPSOL TECHNOLOIGES INC,"Toronto, ON",17 days ago,https://job-openings.monster.ca/java-software-developers-freshers-entry-level-project-program-toronto-on-ca-sapsol-technoloiges-inc/217138463
18,Adobe Flex Developer,Eagle Professional Resources Inc,"Toronto/GTA, ON",1 day ago,https://job-openings.monster.ca/adobe-flex-developer-toronto-gta-on-ca-eagle-professional-resources-inc/217902167
19,Full-stack Developer,TalentBurst Inc,"Toronto, ON",1 day ago,https://job-openings.monster.ca/full-stack-developer-toronto-on-ca-talentburst-inc/217880948
20,Senior Python Developer - JavaScript / OIDC,Procom,"Toronto, ON",1 day ago,https://job-openings.monster.ca/senior-python-developer-javascript-oidc-toronto-on-ca-procom/217899287
21,Android Developer,TAL Group Inc,"Toronto, ON",2 days ago,https://job-openings.monster.ca/android-developer-toronto-on-ca-tal-group-inc/217866156
22,Sr. Software Developer - Java,The Home Depot,"TORONTO HEAD OFFICE (STORE SUPPORT CENTRE) , ON",5 days ago,https://job-openings.monster.ca/sr-software-developer-java-toronto-head-office-store-support-centre-on-ca-the-home-depot/217826918
23,Java Developer,Hays,"Toronto, ON",5 days ago,https://job-openings.monster.ca/java-developer-toronto-on-ca-hays/217839527
24,iOS Mobile Developer,Randstad,"Toronto, ON",7 days ago,https://job-openings.monster.ca/ios-mobile-developer-toronto-on-ca-randstad/217797323
25,Elixir Developer,Step By Step Professional Services Inc,"Toronto, ON",7 days ago,https://job-openings.monster.ca/elixir-developer-toronto-on-ca-step-by-step-professional-services-inc/217584390
26,Java Developper,T.E.S. Employment Solution,"TORONTO, ON",7 days ago,https://job-openings.monster.ca/java-developper-toronto-on-ca-t-e-s-employment-solution/217798201
27,Full Stack Java Developer,Apex Systems Inc,"Toronto, ON",6 days ago,https://job-openings.monster.ca/full-stack-java-developer-toronto-on-ca-apex-systems-inc/217810830
28,Senior Full Stack Developer,JDRF Electromag,"Mississauga, ON",5 days ago,https://job-openings.monster.ca/senior-full-stack-developer-mississauga-on-ca-jdrf-electromag/217841018
29,Java/Middle ware Developer,Synechron,"Mississauga, ON",4 days ago,https://job-openings.monster.ca/java-middle-ware-developer-mississauga-on-ca-synechron/217849585
30,Sr. Python Developer,Synechron,"Mississauga, ON",4 days ago,https://job-openings.monster.ca/sr-python-developer-mississauga-on-ca-synechron/214183163
31,Sr. Java Developer,Synechron,"Mississauga, ON",13 days ago,https://job-openings.monster.ca/sr-java-developer-mississauga-on-ca-synechron/214374889
32,AWS Cloud Architect,Virtusa,"Toronto, ON",21 days ago,https://job-openings.monster.ca/aws-cloud-architect-toronto-on-ca-virtusa/206299032
33,Senior Android Developer,Planet4iT,"Toronto, ON",23 days ago,https://job-openings.monster.ca/senior-android-developer-toronto-on-ca-planet4it/217523720
34,Senior Full Stack Developer for US location,Kutir Technologies,"Mississauga, ON",6 days ago,https://job-openings.monster.ca/senior-full-stack-developer-for-us-location-mississauga-on-ca-kutir-technologies/213503838
35,Sr. Java Developer for US location,Kutir Technologies,"Mississauga, ON",6 days ago,https://job-openings.monster.ca/sr-java-developer-for-us-location-mississauga-on-ca-kutir-technologies/213503842
36,Sr. .NET Developer,Innosphere,"Guelph, ON",5 days ago,https://job-openings.monster.ca/sr-net-developer-guelph-on-ca-innosphere/217618867
37,Java Developer,ISG Search Inc,"Toronto, ON",7 days ago,https://job-openings.monster.ca/java-developer-toronto-on-ca-isg-search-inc/217801782
38,Mobile Developer,ISG Search Inc,"Toronto, ON",8 days ago,https://job-openings.monster.ca/mobile-developer-toronto-on-ca-isg-search-inc/217785177
39,Senior SAP ABAP Developer,ISG Search Inc,"Toronto, ON",27 days ago,https://job-openings.monster.ca/senior-sap-abap-developer-toronto-on-ca-isg-search-inc/217465240
40,Cloud Developer,ISG Search Inc,"Toronto, ON",30+ days ago,https://job-openings.monster.ca/cloud-developer-toronto-on-ca-isg-search-inc/217297679
41,Software Developer / Programmer (Exciting opportunity: Intelligent people and great variety),Pleasant Solutions,"Mississauga, ON",5 days ago,https://job-openings.monster.ca/software-developer-programmer-exciting-opportunity-intelligent-people-great-variety-mississauga-on-ca-pleasant-solutions/217621194
42,Full Stack .Net Developer,ISG Search Inc,"Mississauga, ON",19 days ago,https://job-openings.monster.ca/full-stack-net-developer-mississauga-on-ca-isg-search-inc/217624342
43,Data Developer,ISG Search Inc,"Brampton, ON",30+ days ago,https://job-openings.monster.ca/data-developer-brampton-on-ca-isg-search-inc/216955121
44,CA API Developer,ISG Search Inc,"Brampton, ON",30+ days ago,https://job-openings.monster.ca/ca-api-developer-brampton-on-ca-isg-search-inc/217093233
45,".Net Developer, MVC",ISG Search Inc,"Brampton, ON",30+ days ago,https://job-openings.monster.ca/net-developer-mvc-brampton-on-ca-isg-search-inc/216871058
46,0365 Developer,ISG Search Inc,"Brampton, ON",30+ days ago,https://job-openings.monster.ca/0365-developer-brampton-on-ca-isg-search-inc/216871080
47,Senior Developer,Eagle Professional Resources Inc,"Waterloo, ON",1 day ago,https://job-openings.monster.ca/senior-developer-waterloo-on-ca-eagle-professional-resources-inc/217898919
48,Application Developer I - Canada,TalentBurst Inc,"Toronto, ON",2 days ago,https://job-openings.monster.ca/application-developer-i-canada-toronto-on-ca-talentburst-inc/217635175
49,"ERP Developer (JavaScript, Groovy) x2",Ward Technology Talent Inc.,"Mississauga, ON",15 days ago,https://job-openings.monster.ca/erp-developer-javascript-groovy-x2-mississauga-on-ca-ward-technology-talent-inc/217415053
50,Software Developer,Comtech Group Inc.,"Thornhill, ON",19 days ago,https://job-openings.monster.ca/software-developer-thornhill-on-ca-comtech-group-inc/217625352
51,Fullstack .NET Developer,The Delivery Group,"Markham, ON",5 days ago,https://job-openings.monster.ca/fullstack-net-developer-markham-on-ca-the-delivery-group/217830061
